{
  "accuracy": 0.98989898989899,
  "confusion_matrix": [
    [
      32,
      1,
      0
    ],
    [
      0,
      33,
      0
    ],
    [
      0,
      0,
      33
    ]
  ],
  "macro_f1": 0.9898966704936853,
  "per_class": {
    "important": {
      "f1": 0.9850746268656716,
      "precision": 0.9705882352941176,
      "recall": 1.0
    },
    "low": {
      "f1": 1.0,
      "precision": 1.0,
      "recall": 1.0
    },
    "urgent": {
      "f1": 0.9846153846153847,
      "precision": 1.0,
      "recall": 0.9696969696969697
    }
  }
}